Workbook

Sheet Analysis
A1: 10 mM DOPC + 1 mM 2-nitrobenzaldehyde
A3: Full-record results | B3: DOPC 1 | C3: DOPC 2 | D3: DOPC 3
A4: Number of readings | B4: =COUNT(D347:D588) -> 242 | C4: =COUNT(D589:D831) -> 243 | D4: =COUNT(D832:D1074) -> 243
A5: Duration (min) | B5: =MAX(C347:C588) -> 20.070567 | C5: =MAX(C589:C831) -> 20.15365 | D5: =MAX(C832:C1074) -> 20.15365
A6: Initial pH | B6: =D347 -> 7.40645 | C6: =D589 -> 7.26225 | D6: =D832 -> 7.12843
A7: Final pH | B7: =D588 -> 3.89028 | C7: =D831 -> 3.45538 | D7: =D1074 -> 3.8003
A8: pH decrease at 12 min | B8: =B102-B246 -> 3.2011255 | C8: =C102-C246 -> 3.6161651 | D8: =D102-D246 -> 3.0751958
A9: Fitted pH infinity | B9: 3.6342208 | C9: 3.4511314 | D9: 3.7462072
A10: Fitted amplitude A | B10: 4.0951627 | C10: 4.2850071 | D10: 3.7139573
A11: Apparent k (min^-1) | B11: 0.15476512 | C11: 0.26892429 | D11: 0.21371341
A12: Half-response LN(2)/k (min) | B12: =LN(2)/B11 -> 4.478704 | C12: =LN(2)/C11 -> 2.5774807 | D12: =LN(2)/D11 -> 3.243349
A13: Exponential R^2 | B13: =1-B15/DEVSQ(D347:D588) -> 0.99261826 | C13: =1-C15/DEVSQ(D589:D831) -> 0.98813393 | D13: =1-D15/DEVSQ(D832:D1074) -> 0.98930093
A14: RMSE (pH) | B14: =SQRT(B15/B4) -> 0.091369849 | C14: =SQRT(C15/C4) -> 0.11475173 | D14: =SQRT(D15/D4) -> 0.098221574
A15: SSE = SUM(residual^2) | B15: =SUM(J347:J588) -> 2.0203247 | C15: =SUM(J589:J831) -> 3.1998144 | D15: =SUM(J832:J1074) -> 2.3443371
A16: Linear slope (pH/min) | B16: =SLOPE(D347:D588,C347:C588) -> -0.16848988 | C16: =SLOPE(D589:D831,C589:C831) -> -0.14930985 | D16: =SLOPE(D832:D1074,C832:C1074) -> -0.14187914
A17: Linear intercept | B17: =INTERCEPT(D347:D588,C347:C588) -> 6.5880645 | C17: =INTERCEPT(D589:D831,C589:C831) -> 5.7484817 | D17: =INTERCEPT(D832:D1074,C832:C1074) -> 6.0308442
A18: Linear R^2 | B18: =RSQ(D347:D588,C347:C588) -> 0.84961826 | C18: =RSQ(D589:D831,C589:C831) -> 0.68560208 | D18: =RSQ(D832:D1074,C832:C1074) -> 0.76186039
A19: First 100-s slope (pH/min) | B19: =SLOPE(D347:D367,C347:C367) -> -0.40510275 | C19: =SLOPE(D589:D609,C589:C609) -> -0.56104101 | D19: =SLOPE(D832:D852,C832:C852) -> -0.42608119
A20: Last 2-min slope (pH/min) | B20: =SLOPE(D564:D588,C564:C588) -> -0.026094255 | C20: =SLOPE(D807:D831,C807:C831) -> -0.018699945 | D20: =SLOPE(D1050:D1074,C1050:C1074) -> -0.027684399
A21: Time to pH 6 (min) | B21: =IF(D347<=6,0,IF(COUNT(P347:P588)=0,"Not reached",MIN(P347:P588))) -> 4.0481875 | C21: =IF(D589<=6,0,IF(COUNT(P589:P831)=0,"Not reached",MIN(P589:P831))) -> 2.3936974 | D21: =IF(D832<=6,0,IF(COUNT(P832:P1074)=0,"Not reached",MIN(P832:P1074))) -> 2.8556879
A22: Time to pH 5 (min) | B22: =IF(D347<=5,0,IF(COUNT(Q347:Q588)=0,"Not reached",MIN(Q347:Q588))) -> 6.8836954 | C22: =IF(D589<=5,0,IF(COUNT(Q589:Q831)=0,"Not reached",MIN(Q589:Q831))) -> 3.8031815 | D22: =IF(D832<=5,0,IF(COUNT(Q832:Q1074)=0,"Not reached",MIN(Q832:Q1074))) -> 4.9040886
A23: Time to pH 4 (min) | B23: =IF(D347<=4,0,IF(COUNT(R347:R588)=0,"Not reached",MIN(R347:R588))) -> 16.35534 | C23: =IF(D589<=4,0,IF(COUNT(R589:R831)=0,"Not reached",MIN(R589:R831))) -> 6.8491082 | D23: =IF(D832<=4,0,IF(COUNT(R832:R1074)=0,"Not reached",MIN(R832:R1074))) -> 13.071852
A24: Time to pH 3 (min) | B24: =IF(D347<=3,0,IF(COUNT(S347:S588)=0,"Not reached",MIN(S347:S588))) -> Not reached | C24: =IF(D589<=3,0,IF(COUNT(S589:S831)=0,"Not reached",MIN(S589:S831))) -> Not reached | D24: =IF(D832<=3,0,IF(COUNT(S832:S1074)=0,"Not reached",MIN(S832:S1074))) -> Not reached
A25: pH decrease at 20 min | B25: =B102-B342 -> 3.5122578 | C25: =C102-C342 -> 3.813 | D25: =D102-D342 -> 3.3326533
A27: pH(t) = pH infinity + A*EXP(-k*t). k describes the pH response.
A28: Fitted parameters are fixed results; other calculations use formulas.
A30: DOPC summary | B30: Mean | C30: Sample SD | D30: n
A31: Apparent k (min^-1) | B31: =AVERAGE(B11:D11) -> 0.21246761 | C31: =_xlfn.STDEV.S(B11:D11) -> 0.05708978 | D31: =COUNT(B11:D11) -> 3
C32: =C31/B31 -> 0.26869874
A35: Final pH | B35: =AVERAGE(B7:D7) -> 3.71532 | C35: =_xlfn.STDEV.S(B7:D7) -> 0.22956634 | D35: =COUNT(B7:D7) -> 3
A53: Series | B53: Full-record k (min^-1) | D53: Series
A54: DOPC 1 | B54: =B11 -> 0.15476512 | D54: DOPC 1
A55: DOPC 2 | B55: =C11 -> 0.26892429 | D55: DOPC 2
A56: DOPC 3 | B56: =D11 -> 0.21371341 | D56: DOPC 3
A100: Plot data (5-second interpolation)
A101: Time (min) | B101: DOPC 1 | C101: DOPC 2 | D101: DOPC 3 | E101: Reference A-B | F101: Reference D-E | G101: DOPC 1 fit | H101: DOPC 2 fit | I101: DOPC 3 fit | J101: Mean DOPC pH | K101: SD DOPC pH
A102: 0 | B102: =D347 -> 7.40645 | C102: =D589 -> 7.26225 | D102: =D832 -> 7.12843 | E102: =D1075 -> 3.9 | F102: =D1088 -> 6.73 | G102: =$B$9+$B$10*EXP(-$B$11*A102) -> 7.7293835 | H102: =$C$9+$C$10*EXP(-$C$11*A102) -> 7.7361385 | I102: =$D$9+$D$10*EXP(-$D$11*A102) -> 7.4601645 | J102: =AVERAGE(B102:D102) -> 7.26571 | K102: =_xlfn.STDEV.S(B102:D102) -> 0.13904229
A103: 0.083333333 | B103: =D347+($A103-C347)*(D348-D347)/(C348-C347) -> 7.42491 | C103: =D590+($A103-C590)*(D591-D590)/(C591-C590) -> 7.2771429 | D103: =D833+($A103-C833)*(D834-D833)/(C834-C833) -> 7.1329392 | E103: =D1075+($A103-C1075)*(D1076-D1075)/(C1076-C1075) -> 3.8775 | F103: =D1088+($A103-C1088)*(D1089-D1088)/(C1089-C1088) -> 6.6866667 | G103: =$B$9+$B$10*EXP(-$B$11*A103) -> 7.6769069 | H103: =$C$9+$C$10*EXP(-$C$11*A103) -> 7.641178 | I103: =$D$9+$D$10*EXP(-$D$11*A103) -> 7.3946065 | J103: =AVERAGE(B103:D103) -> 7.2783307 | K103: =_xlfn.STDEV.S(B103:D103) -> 0.145989
A104: 0.16666667 | B104: =D349+($A104-C349)*(D350-D349)/(C350-C349) -> 7.4087195 | C104: =D591+($A104-C591)*(D592-D591)/(C592-C591) -> 7.2436386 | D104: =D834+($A104-C834)*(D835-D834)/(C835-C834) -> 7.0983108 | E104: =D1075+($A104-C1075)*(D1076-D1075)/(C1076-C1075) -> 3.855 | F104: =D1088+($A104-C1088)*(D1089-D1088)/(C1089-C1088) -> 6.6433333 | G104: =$B$9+$B$10*EXP(-$B$11*A104) -> 7.6251028 | H104: =$C$9+$C$10*EXP(-$C$11*A104) -> 7.5483219 | I104: =$D$9+$D$10*EXP(-$D$11*A104) -> 7.3302057 | J104: =AVERAGE(B104:D104) -> 7.250223 | K104: =_xlfn.STDEV.S(B104:D104) -> 0.15530908
A105: 0.25 | B105: =D349+($A105-C349)*(D350-D349)/(C350-C349) -> 7.39607 | C105: =D592+($A105-C592)*(D593-D592)/(C593-C592) -> 7.1963571 | D105: =D835+($A105-C835)*(D836-D835)/(C836-C835) -> 7.057905 | E105: =D1075+($A105-C1075)*(D1076-D1075)/(C1076-C1075) -> 3.8325 | F105: =D1088+($A105-C1088)*(D1089-D1088)/(C1089-C1088) -> 6.6 | G105: =$B$9+$B$10*EXP(-$B$11*A105) -> 7.5739625 | H105: =$C$9+$C$10*EXP(-$C$11*A105) -> 7.4575236 | I105: =$D$9+$D$10*EXP(-$D$11*A105) -> 7.2669417 | J105: =AVERAGE(B105:D105) -> 7.2167774 | K105: =_xlfn.STDEV.S(B105:D105) -> 0.17000482
A106: 0.33333333 | B106: =D351+($A106-C351)*(D352-D351)/(C352-C351) -> 7.3763455 | C106: =D593+($A106-C593)*(D594-D593)/(C594-C593) -> 7.1548034 | D106: =D836+($A106-C836)*(D837-D836)/(C837-C836) -> 7.0094804 | E106: =D1075+($A106-C1075)*(D1076-D1075)/(C1076-C1075) -> 3.81 | F106: =D1088+($A106-C1088)*(D1089-D1088)/(C1089-C1088) -> 6.5566667 | G106: =$B$9+$B$10*EXP(-$B$11*A106) -> 7.5234775 | H106: =$C$9+$C$10*EXP(-$C$11*A106) -> 7.3687375 | I106: =$D$9+$D$10*EXP(-$D$11*A106) -> 7.2047944 | J106: =AVERAGE(B106:D106) -> 7.1802098 | K106: =_xlfn.STDEV.S(B106:D106) -> 0.18474744
A107: 0.41666667 | B107: =D352+($A107-C352)*(D353-D352)/(C353-C352) -> 7.3406125 | C107: =D594+($A107-C594)*(D595-D594)/(C595-C594) -> 7.1027434 | D107: =D837+($A107-C837)*(D838-D837)/(C838-C837) -> 6.9689825 | E107: =D1075+($A107-C1075)*(D1076-D1075)/(C1076-C1075) -> 3.7875 | F107: =D1088+($A107-C1088)*(D1089-D1088)/(C1089-C1088) -> 6.5133333 | G107: =$B$9+$B$10*EXP(-$B$11*A107) -> 7.4736395 | H107: =$C$9+$C$10*EXP(-$C$11*A107) -> 7.281919 | I107: =$D$9+$D$10*EXP(-$D$11*A107) -> 7.1437441 | J107: =AVERAGE(B107:D107) -> 7.1374461 | K107: =_xlfn.STDEV.S(B107:D107) -> 0.1882297
A108: 0.5 | B108: =D353+($A108-C353)*(D354-D353)/(C354-C353) -> 7.3163962 | C108: =D595+($A108-C595)*(D596-D595)/(C596-C595) -> 7.0532834 | D108: =D838+($A108-C838)*(D839-D838)/(C839-C838) -> 6.9274024 | E108: =D1075+($A108-C1075)*(D1076-D1075)/(C1076-C1075) -> 3.765 | F108: =D1088+($A108-C1088)*(D1089-D1088)/(C1089-C1088) -> 6.47 | G108: =$B$9+$B$10*EXP(-$B$11*A108) -> 7.4244401 | H108: =$C$9+$C$10*EXP(-$C$11*A108) -> 7.1970245 | I108: =$D$9+$D$10*EXP(-$D$11*A108) -> 7.0837714 | J108: =AVERAGE(B108:D108) -> 7.0990273 | K108: =_xlfn.STDEV.S(B108:D108) -> 0.19849034
A109: 0.58333333 | B109: =D354+($A109-C354)*(D355-D354)/(C355-C354) -> 7.2932704 | C109: =D596+($A109-C596)*(D597-D596)/(C597-C596) -> 7.0012467 | D109: =D839+($A109-C839)*(D840-D839)/(C840-C839) -> 6.8778991 | E109: =D1075+($A109-C1075)*(D1076-D1075)/(C1076-C1075) -> 3.7425 | F109: =D1088+($A109-C1088)*(D1089-D1088)/(C1089-C1088) -> 6.4266667 | G109: =$B$9+$B$10*EXP(-$B$11*A109) -> 7.3758712 | H109: =$C$9+$C$10*EXP(-$C$11*A109) -> 7.1140113 | I109: =$D$9+$D$10*EXP(-$D$11*A109) -> 7.0248574 | J109: =AVERAGE(B109:D109) -> 7.0574721 | K109: =_xlfn.STDEV.S(B109:D109) -> 0.21331736
A110: 0.66666667 | B110: =D355+($A110-C355)*(D356-D355)/(C356-C355) -> 7.2527847 | C110: =D597+($A110-C597)*(D598-D597)/(C598-C597) -> 6.9539182 | D110: =D840+($A110-C840)*(D841-D840)/(C841-C840) -> 6.8454433 | E110: =D1075+($A110-C1075)*(D1076-D1075)/(C1076-C1075) -> 3.72 | F110: =D1088+($A110-C1088)*(D1089-D1088)/(C1089-C1088) -> 6.3833333 | G110: =$B$9+$B$10*EXP(-$B$11*A110) -> 7.3279246 | H110: =$C$9+$C$10*EXP(-$C$11*A110) -> 7.0328378 | I110: =$D$9+$D$10*EXP(-$D$11*A110) -> 6.9669833 | J110: =AVERAGE(B110:D110) -> 7.017382 | K110: =_xlfn.STDEV.S(B110:D110) -> 0.21095616
A111: 0.75 | B111: =D356+($A111-C356)*(D357-D356)/(C357-C356) -> 7.2148501 | C111: =D598+($A111-C598)*(D599-D598)/(C599-C598) -> 6.9019724 | D111: =D841+($A111-C841)*(D842-D841)/(C842-C841) -> 6.8075219 | E111: =D1075+($A111-C1075)*(D1076-D1075)/(C1076-C1075) -> 3.6975 | F111: =D1088+($A111-C1088)*(D1089-D1088)/(C1089-C1088) -> 6.34 | G111: =$B$9+$B$10*EXP(-$B$11*A111) -> 7.2805924 | H111: =$C$9+$C$10*EXP(-$C$11*A111) -> 6.9534632 | I111: =$D$9+$D$10*EXP(-$D$11*A111) -> 6.9101308 | J111: =AVERAGE(B111:D111) -> 6.9747815 | K111: =_xlfn.STDEV.S(B111:D111) -> 0.21320159
A112: 0.83333333 | B112: =D357+($A112-C357)*(D358-D357)/(C358-C357) -> 7.183531 | C112: =D599+($A112-C599)*(D600-D599)/(C600-C599) -> 6.844363 | D112: =D842+($A112-C842)*(D843-D842)/(C843-C842) -> 6.773933 | E112: =D1075+($A112-C1075)*(D1076-D1075)/(C1076-C1075) -> 3.675 | F112: =D1088+($A112-C1088)*(D1089-D1088)/(C1089-C1088) -> 6.2966667 | G112: =$B$9+$B$10*EXP(-$B$11*A112) -> 7.2338668 | H112: =$C$9+$C$10*EXP(-$C$11*A112) -> 6.8758477 | I112: =$D$9+$D$10*EXP(-$D$11*A112) -> 6.8542819 | J112: =AVERAGE(B112:D112) -> 6.9339423 | K112: =_xlfn.STDEV.S(B112:D112) -> 0.21899997
A113: 0.91666667 | B113: =D358+($A113-C358)*(D359-D358)/(C359-C358) -> 7.1385311 | C113: =D600+($A113-C600)*(D601-D600)/(C601-C600) -> 6.7980663 | D113: =D843+($A113-C843)*(D844-D843)/(C844-C843) -> 6.7370564 | E113: =D1075+($A113-C1075)*(D1076-D1075)/(C1076-C1075) -> 3.6525 | F113: =D1088+($A113-C1088)*(D1089-D1088)/(C1089-C1088) -> 6.2533333 | G113: =$B$9+$B$10*EXP(-$B$11*A113) -> 7.1877399 | H113: =$C$9+$C$10*EXP(-$C$11*A113) -> 6.7999521 | I113: =$D$9+$D$10*EXP(-$D$11*A113) -> 6.7994188 | J113: =AVERAGE(B113:D113) -> 6.8912179 | K113: =_xlfn.STDEV.S(B113:D113) -> 0.21634093
A114: 1 | B114: =D359+($A114-C359)*(D360-D359)/(C360-C359) -> 7.0936126 | C114: =D601+($A114-C601)*(D602-D601)/(C602-C601) -> 6.7519371 | D114: =D844+($A114-C844)*(D845-D844)/(C845-C844) -> 6.7047347 | E114: =D1075+($A114-C1075)*(D1076-D1075)/(C1076-C1075) -> 3.63 | F114: =D1088+($A114-C1088)*(D1089-D1088)/(C1089-C1088) -> 6.21 | G114: =$B$9+$B$10*EXP(-$B$11*A114) -> 7.1422041 | H114: =$C$9+$C$10*EXP(-$C$11*A114) -> 6.7257386 | I114: =$D$9+$D$10*EXP(-$D$11*A114) -> 6.7455241 | J114: =AVERAGE(B114:D114) -> 6.8500948 | K114: =_xlfn.STDEV.S(B114:D114) -> 0.21220913
A115: 1.0833333 | B115: =D360+($A115-C360)*(D361-D360)/(C361-C360) -> 7.0601188 | C115: =D602+($A115-C602)*(D603-D602)/(C603-C602) -> 6.7069349 | D115: =D845+($A115-C845)*(D846-D845)/(C846-C845) -> 6.6701455 | E115: =D1076+($A115-C1076)*(D1077-D1076)/(C1077-C1076) -> 3.6225 | F115: =D1089+($A115-C1089)*(D1090-D1089)/(C1090-C1089) -> 6.15 | G115: =$B$9+$B$10*EXP(-$B$11*A115) -> 7.0972518 | H115: =$C$9+$C$10*EXP(-$C$11*A115) -> 6.6531696 | I115: =$D$9+$D$10*EXP(-$D$11*A115) -> 6.6925808 | J115: =AVERAGE(B115:D115) -> 6.8123997 | K115: =_xlfn.STDEV.S(B115:D115) -> 0.21531821
A116: 1.1666667 | B116: =D361+($A116-C361)*(D362-D361)/(C362-C361) -> 7.0195996 | C116: =D603+($A116-C603)*(D604-D603)/(C604-C603) -> 6.6606069 | D116: =D846+($A116-C846)*(D847-D846)/(C847-C846) -> 6.6378362 | E116: =D1076+($A116-C1076)*(D1077-D1076)/(C1077-C1076) -> 3.615 | F116: =D1089+($A116-C1089)*(D1090-D1089)/(C1090-C1089) -> 6.09 | G116: =$B$9+$B$10*EXP(-$B$11*A116) -> 7.0528756 | H116: =$C$9+$C$10*EXP(-$C$11*A116) -> 6.5822089 | I116: =$D$9+$D$10*EXP(-$D$11*A116) -> 6.640572 | J116: =AVERAGE(B116:D116) -> 6.7726809 | K116: =_xlfn.STDEV.S(B116:D116) -> 0.21414075
A117: 1.25 | B117: =D362+($A117-C362)*(D363-D362)/(C363-C362) -> 6.9781673 | C117: =D604+($A117-C604)*(D605-D604)/(C605-C604) -> 6.6111087 | D117: =D847+($A117-C847)*(D848-D847)/(C848-C847) -> 6.6124546 | E117: =D1076+($A117-C1076)*(D1077-D1076)/(C1077-C1076) -> 3.6075 | F117: =D1089+($A117-C1089)*(D1090-D1089)/(C1090-C1089) -> 6.03 | G117: =$B$9+$B$10*EXP(-$B$11*A117) -> 7.009068 | H117: =$C$9+$C$10*EXP(-$C$11*A117) -> 6.5128207 | I117: =$D$9+$D$10*EXP(-$D$11*A117) -> 6.5894812 | J117: =AVERAGE(B117:D117) -> 6.7339102 | K117: =_xlfn.STDEV.S(B117:D117) -> 0.21153391
A118: 1.3333333 | B118: =D363+($A118-C363)*(D364-D363)/(C364-C363) -> 6.9468537 | C118: =D605+($A118-C605)*(D606-D605)/(C606-C605) -> 6.5570075 | D118: =D848+($A118-C848)*(D849-D848)/(C849-C848) -> 6.578991 | E118: =D1076+($A118-C1076)*(D1077-D1076)/(C1077-C1076) -> 3.6 | F118: =D1089+($A118-C1089)*(D1090-D1089)/(C1090-C1089) -> 5.97 | G118: =$B$9+$B$10*EXP(-$B$11*A118) -> 6.9658217 | H118: =$C$9+$C$10*EXP(-$C$11*A118) -> 6.4449703 | I118: =$D$9+$D$10*EXP(-$D$11*A118) -> 6.5392923 | J118: =AVERAGE(B118:D118) -> 6.6942841 | K118: =_xlfn.STDEV.S(B118:D118) -> 0.21900769
A119: 1.4166667 | B119: =D364+($A119-C364)*(D365-D364)/(C365-C364) -> 6.8974925 | C119: =D606+($A119-C606)*(D607-D606)/(C607-C606) -> 6.5257558 | D119: =D849+($A119-C849)*(D850-D849)/(C850-C849) -> 6.5523322 | E119: =D1076+($A119-C1076)*(D1077-D1076)/(C1077-C1076) -> 3.5925 | F119: =D1089+($A119-C1089)*(D1090-D1089)/(C1090-C1089) -> 5.91 | G119: =$B$9+$B$10*EXP(-$B$11*A119) -> 6.9231296 | H119: =$C$9+$C$10*EXP(-$C$11*A119) -> 6.3786235 | I119: =$D$9+$D$10*EXP(-$D$11*A119) -> 6.4899893 | J119: =AVERAGE(B119:D119) -> 6.6585268 | K119: =_xlfn.STDEV.S(B119:D119) -> 0.2073765
A120: 1.5 | B120: =D365+($A120-C365)*(D366-D365)/(C366-C365) -> 6.8740679 | C120: =D607+($A120-C607)*(D608-D607)/(C608-C607) -> 6.4863468 | D120: =D850+($A120-C850)*(D851-D850)/(C851-C850) -> 6.5154695 | E120: =D1076+($A120-C1076)*(D1077-D1076)/(C1077-C1076) -> 3.585 | F120: =D1089+($A120-C1089)*(D1090-D1089)/(C1090-C1089) -> 5.85 | G120: =$B$9+$B$10*EXP(-$B$11*A120) -> 6.8809846 | H120: =$C$9+$C$10*EXP(-$C$11*A120) -> 6.313747 | I120: =$D$9+$D$10*EXP(-$D$11*A120) -> 6.4415566 | J120: =AVERAGE(B120:D120) -> 6.6252947 | K120: =_xlfn.STDEV.S(B120:D120) -> 0.21593538
A121: 1.5833333 | B121: =D366+($A121-C366)*(D367-D366)/(C367-C366) -> 6.8279993 | C121: =D608+($A121-C608)*(D609-D608)/(C609-C608) -> 6.4323873 | D121: =D851+($A121-C851)*(D852-D851)/(C852-C851) -> 6.4831539 | E121: =D1076+($A121-C1076)*(D1077-D1076)/(C1077-C1076) -> 3.5775 | F121: =D1089+($A121-C1089)*(D1090-D1089)/(C1090-C1089) -> 5.79 | G121: =$B$9+$B$10*EXP(-$B$11*A121) -> 6.8393797 | H121: =$C$9+$C$10*EXP(-$C$11*A121) -> 6.2503083 | I121: =$D$9+$D$10*EXP(-$D$11*A121) -> 6.3939789 | J121: =AVERAGE(B121:D121) -> 6.5811801 | K121: =_xlfn.STDEV.S(B121:D121) -> 0.21525352
A122: 1.6666667 | B122: =D367+($A122-C367)*(D368-D367)/(C368-C367) -> 6.787833 | C122: =D609+($A122-C609)*(D610-D609)/(C610-C609) -> 6.3986962 | D122: =D852+($A122-C852)*(D853-D852)/(C853-C852) -> 6.4498329 | E122: =D1076+($A122-C1076)*(D1077-D1076)/(C1077-C1076) -> 3.57 | F122: =D1089+($A122-C1089)*(D1090-D1089)/(C1090-C1089) -> 5.73 | G122: =$B$9+$B$10*EXP(-$B$11*A122) -> 6.7983079 | H122: =$C$9+$C$10*EXP(-$C$11*A122) -> 6.1882754 | I122: =$D$9+$D$10*EXP(-$D$11*A122) -> 6.3472409 | J122: =AVERAGE(B122:D122) -> 6.545454 | K122: =_xlfn.STDEV.S(B122:D122) -> 0.21145783
A123: 1.75 | B123: =D368+($A123-C368)*(D369-D368)/(C369-C368) -> 6.7645656 | C123: =D610+($A123-C610)*(D611-D610)/(C611-C610) -> 6.3561405 | D123: =D853+($A123-C853)*(D854-D853)/(C854-C853) -> 6.4312439 | E123: =D1076+($A123-C1076)*(D1077-D1076)/(C1077-C1076) -> 3.5625 | F123: =D1089+($A123-C1089)*(D1090-D1089)/(C1090-C1089) -> 5.67 | G123: =$B$9+$B$10*EXP(-$B$11*A123) -> 6.7577624 | H123: =$C$9+$C$10*EXP(-$C$11*A123) -> 6.1276173 | I123: =$D$9+$D$10*EXP(-$D$11*A123) -> 6.301328 | J123: =AVERAGE(B123:D123) -> 6.5173167 | K123: =_xlfn.STDEV.S(B123:D123) -> 0.21739172
A124: 1.8333333 | B124: =D369+($A124-C369)*(D370-D369)/(C370-C369) -> 6.7334695 | C124: =D611+($A124-C611)*(D612-D611)/(C612-C611) -> 6.3133063 | D124: =D854+($A124-C854)*(D855-D854)/(C855-C854) -> 6.397634 | E124: =D1076+($A124-C1076)*(D1077-D1076)/(C1077-C1076) -> 3.555 | F124: =D1089+($A124-C1089)*(D1090-D1089)/(C1090-C1089) -> 5.61 | G124: =$B$9+$B$10*EXP(-$B$11*A124) -> 6.7177364 | H124: =$C$9+$C$10*EXP(-$C$11*A124) -> 6.0683034 | I124: =$D$9+$D$10*EXP(-$D$11*A124) -> 6.2562255 | J124: =AVERAGE(B124:D124) -> 6.4814699 | K124: =_xlfn.STDEV.S(B124:D124) -> 0.22227375
A125: 1.9166667 | B125: =D370+($A125-C370)*(D371-D370)/(C371-C370) -> 6.6989122 | C125: =D612+($A125-C612)*(D613-D612)/(C613-C612) -> 6.2694018 | D125: =D855+($A125-C855)*(D856-D855)/(C856-C855) -> 6.3609831 | E125: =D1076+($A125-C1076)*(D1077-D1076)/(C1077-C1076) -> 3.5475 | F125: =D1089+($A125-C1089)*(D1090-D1089)/(C1090-C1089) -> 5.55 | G125: =$B$9+$B$10*EXP(-$B$11*A125) -> 6.6782234 | H125: =$C$9+$C$10*EXP(-$C$11*A125) -> 6.0103039 | I125: =$D$9+$D$10*EXP(-$D$11*A125) -> 6.2119192 | J125: =AVERAGE(B125:D125) -> 6.443099 | K125: =_xlfn.STDEV.S(B125:D125) -> 0.22622349
A126: 2 | B126: =D371+($A126-C371)*(D372-D371)/(C372-C371) -> 6.6744221 | C126: =D613+($A126-C613)*(D614-D613)/(C614-C613) -> 6.2210181 | D126: =D856+($A126-C856)*(D857-D856)/(C857-C856) -> 6.3411162 | E126: =D1076+($A126-C1076)*(D1077-D1076)/(C1077-C1076) -> 3.54 | F126: =D1089+($A126-C1089)*(D1090-D1089)/(C1090-C1089) -> 5.49 | G126: =$B$9+$B$10*EXP(-$B$11*A126) -> 6.6392167 | H126: =$C$9+$C$10*EXP(-$C$11*A126) -> 5.9535898 | I126: =$D$9+$D$10*EXP(-$D$11*A126) -> 6.1683949 | J126: =AVERAGE(B126:D126) -> 6.4121855 | K126: =_xlfn.STDEV.S(B126:D126) -> 0.23490835
A127: 2.0833333 | B127: =D372+($A127-C372)*(D373-D372)/(C373-C372) -> 6.6330361 | C127: =D614+($A127-C614)*(D615-D614)/(C615-C614) -> 6.1839776 | D127: =D857+($A127-C857)*(D858-D857)/(C858-C857) -> 6.311126 | E127: =D1077+($A127-C1077)*(D1078-D1077)/(C1078-C1077) -> 3.53 | F127: =D1090+($A127-C1090)*(D1091-D1090)/(C1091-C1090) -> 5.3891667 | G127: =$B$9+$B$10*EXP(-$B$11*A127) -> 6.6007098 | H127: =$C$9+$C$10*EXP(-$C$11*A127) -> 5.8981326 | I127: =$D$9+$D$10*EXP(-$D$11*A127) -> 6.125639 | J127: =AVERAGE(B127:D127) -> 6.3760466 | K127: =_xlfn.STDEV.S(B127:D127) -> 0.23146144
A128: 2.1666667 | B128: =D373+($A128-C373)*(D374-D373)/(C374-C373) -> 6.6008248 | C128: =D615+($A128-C615)*(D616-D615)/(C616-C615) -> 6.1320774 | D128: =D858+($A128-C858)*(D859-D858)/(C859-C858) -> 6.2810809 | E128: =D1077+($A128-C1077)*(D1078-D1077)/(C1078-C1077) -> 3.52 | F128: =D1090+($A128-C1090)*(D1091-D1090)/(C1091-C1090) -> 5.2883333 | G128: =$B$9+$B$10*EXP(-$B$11*A128) -> 6.5626964 | H128: =$C$9+$C$10*EXP(-$C$11*A128) -> 5.8439043 | I128: =$D$9+$D$10*EXP(-$D$11*A128) -> 6.0836377 | J128: =AVERAGE(B128:D128) -> 6.3379944 | K128: =_xlfn.STDEV.S(B128:D128) -> 0.23950027
A129: 2.25 | B129: =D374+($A129-C374)*(D375-D374)/(C375-C374) -> 6.5742559 | C129: =D616+($A129-C616)*(D617-D616)/(C617-C616) -> 6.0892359 | D129: =D859+($A129-C859)*(D860-D859)/(C860-C859) -> 6.2486128 | E129: =D1077+($A129-C1077)*(D1078-D1077)/(C1078-C1077) -> 3.51 | F129: =D1090+($A129-C1090)*(D1091-D1090)/(C1091-C1090) -> 5.1875 | G129: =$B$9+$B$10*EXP(-$B$11*A129) -> 6.5251701 | H129: =$C$9+$C$10*EXP(-$C$11*A129) -> 5.7908778 | I129: =$D$9+$D$10*EXP(-$D$11*A129) -> 6.0423779 | J129: =AVERAGE(B129:D129) -> 6.3040349 | K129: =_xlfn.STDEV.S(B129:D129) -> 0.24721411
A130: 2.3333333 | B130: =D375+($A130-C375)*(D376-D375)/(C376-C375) -> 6.5500648 | C130: =D617+($A130-C617)*(D618-D617)/(C618-C617) -> 6.0384423 | D130: =D860+($A130-C860)*(D861-D860)/(C861-C860) -> 6.2130209 | E130: =D1077+($A130-C1077)*(D1078-D1077)/(C1078-C1077) -> 3.5 | F130: =D1090+($A130-C1090)*(D1091-D1090)/(C1091-C1090) -> 5.0866667 | G130: =$B$9+$B$10*EXP(-$B$11*A130) -> 6.4881246 | H130: =$C$9+$C$10*EXP(-$C$11*A130) -> 5.7390264 | I130: =$D$9+$D$10*EXP(-$D$11*A130) -> 6.0018463 | J130: =AVERAGE(B130:D130) -> 6.267176 | K130: =_xlfn.STDEV.S(B130:D130) -> 0.26007495
A131: 2.4166667 | B131: =D376+($A131-C376)*(D377-D376)/(C377-C376) -> 6.5234078 | C131: =D618+($A131-C618)*(D619-D618)/(C619-C618) -> 5.9853912 | D131: =D861+($A131-C861)*(D862-D861)/(C862-C861) -> 6.1805755 | E131: =D1077+($A131-C1077)*(D1078-D1077)/(C1078-C1077) -> 3.49 | F131: =D1090+($A131-C1090)*(D1091-D1090)/(C1091-C1090) -> 4.9858333 | G131: =$B$9+$B$10*EXP(-$B$11*A131) -> 6.4515539 | H131: =$C$9+$C$10*EXP(-$C$11*A131) -> 5.6883241 | I131: =$D$9+$D$10*EXP(-$D$11*A131) -> 5.9620302 | J131: =AVERAGE(B131:D131) -> 6.2297915 | K131: =_xlfn.STDEV.S(B131:D131) -> 0.27236398
A132: 2.5 | B132: =D377+($A132-C377)*(D378-D377)/(C378-C377) -> 6.4947846 | C132: =D619+($A132-C619)*(D620-D619)/(C620-C619) -> 5.9331775 | D132: =D862+($A132-C862)*(D863-D862)/(C863-C862) -> 6.1460409 | E132: =D1077+($A132-C1077)*(D1078-D1077)/(C1078-C1077) -> 3.48 | F132: =D1090+($A132-C1090)*(D1091-D1090)/(C1091-C1090) -> 4.885 | G132: =$B$9+$B$10*EXP(-$B$11*A132) -> 6.4154518 | H132: =$C$9+$C$10*EXP(-$C$11*A132) -> 5.6387454 | I132: =$D$9+$D$10*EXP(-$D$11*A132) -> 5.922917 | J132: =AVERAGE(B132:D132) -> 6.1913343 | K132: =_xlfn.STDEV.S(B132:D132) -> 0.28352997
A133: 2.5833333 | B133: =D378+($A133-C378)*(D379-D378)/(C379-C378) -> 6.477041 | C133: =D620+($A133-C620)*(D621-D620)/(C621-C620) -> 5.8743726 | D133: =D863+($A133-C863)*(D864-D863)/(C864-C863) -> 6.1148911 | E133: =D1077+($A133-C1077)*(D1078-D1077)/(C1078-C1077) -> 3.47 | F133: =D1090+($A133-C1090)*(D1091-D1090)/(C1091-C1090) -> 4.7841667 | G133: =$B$9+$B$10*EXP(-$B$11*A133) -> 6.3798123 | H133: =$C$9+$C$10*EXP(-$C$11*A133) -> 5.5902655 | I133: =$D$9+$D$10*EXP(-$D$11*A133) -> 5.8844941 | J133: =AVERAGE(B133:D133) -> 6.1554349 | K133: =_xlfn.STDEV.S(B133:D133) -> 0.30337299
A134: 2.6666667 | B134: =D379+($A134-C379)*(D380-D379)/(C380-C379) -> 6.436995 | C134: =D621+($A134-C621)*(D622-D621)/(C622-C621) -> 5.816865 | D134: =D864+($A134-C864)*(D865-D864)/(C865-C864) -> 6.0835469 | E134: =D1077+($A134-C1077)*(D1078-D1077)/(C1078-C1077) -> 3.46 | F134: =D1090+($A134-C1090)*(D1091-D1090)/(C1091-C1090) -> 4.6833333 | G134: =$B$9+$B$10*EXP(-$B$11*A134) -> 6.3446295 | H134: =$C$9+$C$10*EXP(-$C$11*A134) -> 5.5428599 | I134: =$D$9+$D$10*EXP(-$D$11*A134) -> 5.8467495 | J134: =AVERAGE(B134:D134) -> 6.112469 | K134: =_xlfn.STDEV.S(B134:D134) -> 0.311075
A135: 2.75 | B135: =D380+($A135-C380)*(D381-D380)/(C381-C380) -> 6.4139336 | C135: =D622+($A135-C622)*(D623-D622)/(C623-C622) -> 5.7669026 | D135: =D865+($A135-C865)*(D866-D865)/(C866-C865) -> 6.0432451 | E135: =D1077+($A135-C1077)*(D1078-D1077)/(C1078-C1077) -> 3.45 | F135: =D1090+($A135-C1090)*(D1091-D1090)/(C1091-C1090) -> 4.5825 | G135: =$B$9+$B$10*EXP(-$B$11*A135) -> 6.3098976 | H135: =$C$9+$C$10*EXP(-$C$11*A135) -> 5.4965049 | I135: =$D$9+$D$10*EXP(-$D$11*A135) -> 5.8096712 | J135: =AVERAGE(B135:D135) -> 6.0746937 | K135: =_xlfn.STDEV.S(B135:D135) -> 0.32465987
A136: 2.8333333 | B136: =D381+($A136-C381)*(D382-D381)/(C382-C381) -> 6.3940876 | C136: =D623+($A136-C623)*(D624-D623)/(C624-C623) -> 5.7089948 | D136: =D866+($A136-C866)*(D867-D866)/(C867-C866) -> 6.0108669 | E136: =D1077+($A136-C1077)*(D1078-D1077)/(C1078-C1077) -> 3.44 | F136: =D1090+($A136-C1090)*(D1091-D1090)/(C1091-C1090) -> 4.4816667 | G136: =$B$9+$B$10*EXP(-$B$11*A136) -> 6.2756107 | H136: =$C$9+$C$10*EXP(-$C$11*A136) -> 5.4511771 | I136: =$D$9+$D$10*EXP(-$D$11*A136) -> 5.7732473 | J136: =AVERAGE(B136:D136) -> 6.0379831 | K136: =_xlfn.STDEV.S(B136:D136) -> 0.34335038
A137: 2.9166667 | B137: =D382+($A137-C382)*(D383-D382)/(C383-C382) -> 6.3596118 | C137: =D624+($A137-C624)*(D625-D624)/(C625-C624) -> 5.6333665 | D137: =D867+($A137-C867)*(D868-D867)/(C868-C867) -> 5.9704185 | E137: =D1077+($A137-C1077)*(D1078-D1077)/(C1078-C1077) -> 3.43 | F137: =D1090+($A137-C1090)*(D1091-D1090)/(C1091-C1090) -> 4.3808333 | G137: =$B$9+$B$10*EXP(-$B$11*A137) -> 6.2417632 | H137: =$C$9+$C$10*EXP(-$C$11*A137) -> 5.4068539 | I137: =$D$9+$D$10*EXP(-$D$11*A137) -> 5.7374664 | J137: =AVERAGE(B137:D137) -> 5.9877989 | K137: =_xlfn.STDEV.S(B137:D137) -> 0.36343447
A138: 3 | B138: =D383+($A138-C383)*(D384-D383)/(C384-C383) -> 6.3355579 | C138: =D625+($A138-C625)*(D626-D625)/(C626-C625) -> 5.5867938 | D138: =D868+($A138-C868)*(D869-D868)/(C869-C868) -> 5.9322428 | E138: =D1077+($A138-C1077)*(D1078-D1077)/(C1078-C1077) -> 3.42 | F138: =D1090+($A138-C1090)*(D1091-D1090)/(C1091-C1090) -> 4.28 | G138: =$B$9+$B$10*EXP(-$B$11*A138) -> 6.2083494 | H138: =$C$9+$C$10*EXP(-$C$11*A138) -> 5.3635129 | I138: =$D$9+$D$10*EXP(-$D$11*A138) -> 5.7023171 | J138: =AVERAGE(B138:D138) -> 5.9515315 | K138: =_xlfn.STDEV.S(B138:D138) -> 0.37475457
A139: 3.0833333 | B139: =D384+($A139-C384)*(D385-D384)/(C385-C384) -> 6.3189554 | C139: =D626+($A139-C626)*(D627-D626)/(C627-C626) -> 5.5233728 | D139: =D869+($A139-C869)*(D870-D869)/(C870-C869) -> 5.8898412 | E139: =D1078+($A139-C1078)*(D1079-D1078)/(C1079-C1078) -> 3.415 | F139: =D1091+($A139-C1091)*(D1092-D1091)/(C1092-C1091) -> 4.2475 | G139: =$B$9+$B$10*EXP(-$B$11*A139) -> 6.1753638 | H139: =$C$9+$C$10*EXP(-$C$11*A139) -> 5.3211324 | I139: =$D$9+$D$10*EXP(-$D$11*A139) -> 5.6677882 | J139: =AVERAGE(B139:D139) -> 5.9107231 | K139: =_xlfn.STDEV.S(B139:D139) -> 0.39820216
A140: 3.1666667 | B140: =D385+($A140-C385)*(D386-D385)/(C386-C385) -> 6.2822696 | C140: =D627+($A140-C627)*(D628-D627)/(C628-C627) -> 5.4610775 | D140: =D870+($A140-C870)*(D871-D870)/(C871-C870) -> 5.8583128 | E140: =D1078+($A140-C1078)*(D1079-D1078)/(C1079-C1078) -> 3.41 | F140: =D1091+($A140-C1091)*(D1092-D1091)/(C1092-C1091) -> 4.215 | G140: =$B$9+$B$10*EXP(-$B$11*A140) -> 6.1428009 | H140: =$C$9+$C$10*EXP(-$C$11*A140) -> 5.2796911 | I140: =$D$9+$D$10*EXP(-$D$11*A140) -> 5.6338689 | J140: =AVERAGE(B140:D140) -> 5.86722 | K140: =_xlfn.STDEV.S(B140:D140) -> 0.41066849
A141: 3.25 | B141: =D386+($A141-C386)*(D387-D386)/(C387-C386) -> 6.255905 | C141: =D628+($A141-C628)*(D629-D628)/(C629-C628) -> 5.3987186 | D141: =D871+($A141-C871)*(D872-D871)/(C872-C871) -> 5.8122925 | E141: =D1078+($A141-C1078)*(D1079-D1078)/(C1079-C1078) -> 3.405 | F141: =D1091+($A141-C1091)*(D1092-D1091)/(C1092-C1091) -> 4.1825 | G141: =$B$9+$B$10*EXP(-$B$11*A141) -> 6.1106552 | H141: =$C$9+$C$10*EXP(-$C$11*A141) -> 5.2391682 | I141: =$D$9+$D$10*EXP(-$D$11*A141) -> 5.6005482 | J141: =AVERAGE(B141:D141) -> 5.8223053 | K141: =_xlfn.STDEV.S(B141:D141) -> 0.42868088
A142: 3.3333333 | B142: =D387+($A142-C387)*(D388-D387)/(C388-C387) -> 6.2390575 | C142: =D629+($A142-C629)*(D630-D629)/(C630-C629) -> 5.3410687 | D142: =D872+($A142-C872)*(D873-D872)/(C873-C872) -> 5.7753493 | E142: =D1078+($A142-C1078)*(D1079-D1078)/(C1079-C1078) -> 3.4 | F142: =D1091+($A142-C1091)*(D1092-D1091)/(C1092-C1091) -> 4.15 | G142: =$B$9+$B$10*EXP(-$B$11*A142) -> 6.0789215 | H142: =$C$9+$C$10*EXP(-$C$11*A142) -> 5.1995433 | I142: =$D$9+$D$10*EXP(-$D$11*A142) -> 5.5678158 | J142: =AVERAGE(B142:D142) -> 5.7851585 | K142: =_xlfn.STDEV.S(B142:D142) -> 0.44907479
A143: 3.4166667 | B143: =D388+($A143-C388)*(D389-D388)/(C389-C388) -> 6.2004193 | C143: =D630+($A143-C630)*(D631-D630)/(C631-C630) -> 5.2773883 | D143: =D873+($A143-C873)*(D874-D873)/(C874-C873) -> 5.732624 | E143: =D1078+($A143-C1078)*(D1079-D1078)/(C1079-C1078) -> 3.395 | F143: =D1091+($A143-C1091)*(D1092-D1091)/(C1092-C1091) -> 4.1175 | G143: =$B$9+$B$10*EXP(-$B$11*A143) -> 6.0475944 | H143: =$C$9+$C$10*EXP(-$C$11*A143) -> 5.1607966 | I143: =$D$9+$D$10*EXP(-$D$11*A143) -> 5.5356611 | J143: =AVERAGE(B143:D143) -> 5.7368105 | K143: =_xlfn.STDEV.S(B143:D143) -> 0.46152977
A144: 3.5 | B144: =D389+($A144-C389)*(D390-D389)/(C390-C389) -> 6.1795619 | C144: =D631+($A144-C631)*(D632-D631)/(C632-C631) -> 5.2129186 | D144: =D874+($A144-C874)*(D875-D874)/(C875-C874) -> 5.6933064 | E144: =D1078+($A144-C1078)*(D1079-D1078)/(C1079-C1078) -> 3.39 | F144: =D1091+($A144-C1091)*(D1092-D1091)/(C1092-C1091) -> 4.085 | G144: =$B$9+$B$10*EXP(-$B$11*A144) -> 6.0166687 | H144: =$C$9+$C$10*EXP(-$C$11*A144) -> 5.1229085 | I144: =$D$9+$D$10*EXP(-$D$11*A144) -> 5.504074 | J144: =AVERAGE(B144:D144) -> 5.6952623 | K144: =_xlfn.STDEV.S(B144:D144) -> 0.48332461
A145: 3.5833333 | B145: =D390+($A145-C390)*(D391-D390)/(C391-C390) -> 6.157414 | C145: =D632+($A145-C632)*(D633-D632)/(C633-C632) -> 5.1530359 | D145: =D875+($A145-C875)*(D876-D875)/(C876-C875) -> 5.6505937 | E145: =D1078+($A145-C1078)*(D1079-D1078)/(C1079-C1078) -> 3.385 | F145: =D1091+($A145-C1091)*(D1092-D1091)/(C1092-C1091) -> 4.0525 | G145: =$B$9+$B$10*EXP(-$B$11*A145) -> 5.9861394 | H145: =$C$9+$C$10*EXP(-$C$11*A145) -> 5.08586 | I145: =$D$9+$D$10*EXP(-$D$11*A145) -> 5.4730445 | J145: =AVERAGE(B145:D145) -> 5.6536812 | K145: =_xlfn.STDEV.S(B145:D145) -> 0.50219619
A146: 3.6666667 | B146: =D391+($A146-C391)*(D392-D391)/(C392-C391) -> 6.1274467 | C146: =D633+($A146-C633)*(D634-D633)/(C634-C633) -> 5.0965664 | D146: =D876+($A146-C876)*(D877-D876)/(C877-C876) -> 5.6065871 | E146: =D1078+($A146-C1078)*(D1079-D1078)/(C1079-C1078) -> 3.38 | F146: =D1091+($A146-C1091)*(D1092-D1091)/(C1092-C1091) -> 4.02 | G146: =$B$9+$B$10*EXP(-$B$11*A146) -> 5.9560012 | H146: =$C$9+$C$10*EXP(-$C$11*A146) -> 5.0496326 | I146: =$D$9+$D$10*EXP(-$D$11*A146) -> 5.4425627 | J146: =AVERAGE(B146:D146) -> 5.6102001 | K146: =_xlfn.STDEV.S(B146:D146) -> 0.51544966
A147: 3.75 | B147: =D392+($A147-C392)*(D393-D392)/(C393-C392) -> 6.0989307 | C147: =D634+($A147-C634)*(D635-D634)/(C635-C634) -> 5.0418347 | D147: =D877+($A147-C877)*(D878-D877)/(C878-C877) -> 5.5572022 | E147: =D1078+($A147-C1078)*(D1079-D1078)/(C1079-C1078) -> 3.375 | F147: =D1091+($A147-C1091)*(D1092-D1091)/(C1092-C1091) -> 3.9875 | G147: =$B$9+$B$10*EXP(-$B$11*A147) -> 5.9262493 | H147: =$C$9+$C$10*EXP(-$C$11*A147) -> 5.0142081 | I147: =$D$9+$D$10*EXP(-$D$11*A147) -> 5.412619 | J147: =AVERAGE(B147:D147) -> 5.5659892 | K147: =_xlfn.STDEV.S(B147:D147) -> 0.52860275
A148: 3.8333333 | B148: =D393+($A148-C393)*(D394-D393)/(C394-C393) -> 6.0809715 | C148: =D635+($A148-C635)*(D636-D635)/(C636-C635) -> 4.9766943 | D148: =D878+($A148-C878)*(D879-D878)/(C879-C878) -> 5.519096 | E148: =D1078+($A148-C1078)*(D1079-D1078)/(C1079-C1078) -> 3.37 | F148: =D1091+($A148-C1091)*(D1092-D1091)/(C1092-C1091) -> 3.955 | G148: =$B$9+$B$10*EXP(-$B$11*A148) -> 5.8968786 | H148: =$C$9+$C$10*EXP(-$C$11*A148) -> 4.9795686 | I148: =$D$9+$D$10*EXP(-$D$11*A148) -> 5.3832038 | J148: =AVERAGE(B148:D148) -> 5.5255873 | K148: =_xlfn.STDEV.S(B148:D148) -> 0.55216726
A149: 3.9166667 | B149: =D394+($A149-C394)*(D395-D394)/(C395-C394) -> 6.0443192 | C149: =D636+($A149-C636)*(D637-D636)/(C637-C636) -> 4.9256006 | D149: =D879+($A149-C879)*(D880-D879)/(C880-C879) -> 5.4796818 | E149: =D1078+($A149-C1078)*(D1079-D1078)/(C1079-C1078) -> 3.365 | F149: =D1091+($A149-C1091)*(D1092-D1091)/(C1092-C1091) -> 3.9225 | G149: =$B$9+$B$10*EXP(-$B$11*A149) -> 5.8678842 | H149: =$C$9+$C$10*EXP(-$C$11*A149) -> 4.9456967 | I149: =$D$9+$D$10*EXP(-$D$11*A149) -> 5.3543079 | J149: =AVERAGE(B149:D149) -> 5.4832005 | K149: =_xlfn.STDEV.S(B149:D149) -> 0.5593676
A150: 4 | B150: =D395+($A150-C395)*(D396-D395)/(C396-C395) -> 6.0133402 | C150: =D637+($A150-C637)*(D638-D637)/(C638-C637) -> 4.8694114 | D150: =D880+($A150-C880)*(D881-D880)/(C881-C880) -> 5.4347907 | E150: =D1078+($A150-C1078)*(D1079-D1078)/(C1079-C1078) -> 3.36 | F150: =D1091+($A150-C1091)*(D1092-D1091)/(C1092-C1091) -> 3.89 | G150: =$B$9+$B$10*EXP(-$B$11*A150) -> 5.8392614 | H150: =$C$9+$C$10*EXP(-$C$11*A150) -> 4.9125755 | I150: =$D$9+$D$10*EXP(-$D$11*A150) -> 5.325922 | J150: =AVERAGE(B150:D150) -> 5.4391808 | K150: =_xlfn.STDEV.S(B150:D150) -> 0.57197706
A151: 4.0833333 | B151: =D396+($A151-C396)*(D397-D396)/(C397-C396) -> 5.9899819 | C151: =D638+($A151-C638)*(D639-D638)/(C639-C638) -> 4.8273657 | D151: =D881+($A151-C881)*(D882-D881)/(C882-C881) -> 5.3965319 | E151: =D1079+($A151-C1079)*(D1080-D1079)/(C1080-C1079) -> 3.3566667 | F151: =D1092+($A151-C1092)*(D1093-D1092)/(C1093-C1092) -> 3.8766667 | G151: =$B$9+$B$10*EXP(-$B$11*A151) -> 5.8110054 | H151: =$C$9+$C$10*EXP(-$C$11*A151) -> 4.8801882 | I151: =$D$9+$D$10*EXP(-$D$11*A151) -> 5.2980372 | J151: =AVERAGE(B151:D151) -> 5.4046265 | K151: =_xlfn.STDEV.S(B151:D151) -> 0.58135037
A152: 4.1666667 | B152: =D397+($A152-C397)*(D398-D397)/(C398-C397) -> 5.9576364 | C152: =D639+($A152-C639)*(D640-D639)/(C640-C639) -> 4.771123 | D152: =D882+($A152-C882)*(D883-D882)/(C883-C882) -> 5.3525729 | E152: =D1079+($A152-C1079)*(D1080-D1079)/(C1080-C1079) -> 3.3533333 | F152: =D1092+($A152-C1092)*(D1093-D1092)/(C1093-C1092) -> 3.8633333 | G152: =$B$9+$B$10*EXP(-$B$11*A152) -> 5.7831115 | H152: =$C$9+$C$10*EXP(-$C$11*A152) -> 4.8485187 | I152: =$D$9+$D$10*EXP(-$D$11*A152) -> 5.2706446 | J152: =AVERAGE(B152:D152) -> 5.3604441 | K152: =_xlfn.STDEV.S(B152:D152) -> 0.59329585
A153: 4.25 | B153: =D398+($A153-C398)*(D399-D398)/(C399-C398) -> 5.9243996 | C153: =D640+($A153-C640)*(D641-D640)/(C641-C640) -> 4.723295 | D153: =D883+($A153-C883)*(D884-D883)/(C884-C883) -> 5.3053477 | E153: =D1079+($A153-C1079)*(D1080-D1079)/(C1080-C1079) -> 3.35 | F153: =D1092+($A153-C1092)*(D1093-D1092)/(C1093-C1092) -> 3.85 | G153: =$B$9+$B$10*EXP(-$B$11*A153) -> 5.755575 | H153: =$C$9+$C$10*EXP(-$C$11*A153) -> 4.8175511 | I153: =$D$9+$D$10*EXP(-$D$11*A153) -> 5.2437356 | J153: =AVERAGE(B153:D153) -> 5.3176808 | K153: =_xlfn.STDEV.S(B153:D153) -> 0.60064726
A154: 4.3333333 | B154: =D399+($A154-C399)*(D400-D399)/(C400-C399) -> 5.8978297 | C154: =D641+($A154-C641)*(D642-D641)/(C642-C641) -> 4.6925672 | D154: =D884+($A154-C884)*(D885-D884)/(C885-C884) -> 5.2605766 | E154: =D1079+($A154-C1079)*(D1080-D1079)/(C1080-C1079) -> 3.3466667 | F154: =D1092+($A154-C1092)*(D1093-D1092)/(C1093-C1092) -> 3.8366667 | G154: =$B$9+$B$10*EXP(-$B$11*A154) -> 5.7283914 | H154: =$C$9+$C$10*EXP(-$C$11*A154) -> 4.7872697 | I154: =$D$9+$D$10*EXP(-$D$11*A154) -> 5.2173015 | J154: =AVERAGE(B154:D154) -> 5.2836578 | K154: =_xlfn.STDEV.S(B154:D154) -> 0.60296268
A155: 4.4166667 | B155: =D400+($A155-C400)*(D401-D400)/(C401-C400) -> 5.8719838 | C155: =D642+($A155-C642)*(D643-D642)/(C643-C642) -> 4.6456468 | D155: =D885+($A155-C885)*(D886-D885)/(C886-C885) -> 5.2246374 | E155: =D1079+($A155-C1079)*(D1080-D1079)/(C1080-C1079) -> 3.3433333 | F155: =D1092+($A155-C1092)*(D1093-D1092)/(C1093-C1092) -> 3.8233333 | G155: =$B$9+$B$10*EXP(-$B$11*A155) -> 5.7015561 | H155: =$C$9+$C$10*EXP(-$C$11*A155) -> 4.7576594 | I155: =$D$9+$D$10*EXP(-$D$11*A155) -> 5.191334 | J155: =AVERAGE(B155:D155) -> 5.2474227 | K155: =_xlfn.STDEV.S(B155:D155) -> 0.61348592
A156: 4.5 | B156: =D401+($A156-C401)*(D402-D401)/(C402-C401) -> 5.8297968 | C156: =D643+($A156-C643)*(D644-D643)/(C644-C643) -> 4.6051517 | D156: =D886+($A156-C886)*(D887-D886)/(C887-C886) -> 5.1808002 | E156: =D1079+($A156-C1079)*(D1080-D1079)/(C1080-C1079) -> 3.34 | F156: =D1092+($A156-C1092)*(D1093-D1092)/(C1093-C1092) -> 3.81 | G156: =$B$9+$B$10*EXP(-$B$11*A156) -> 5.6750647 | H156: =$C$9+$C$10*EXP(-$C$11*A156) -> 4.7287053 | I156: =$D$9+$D$10*EXP(-$D$11*A156) -> 5.1658249 | J156: =AVERAGE(B156:D156) -> 5.2052496 | K156: =_xlfn.STDEV.S(B156:D156) -> 0.61268854
A157: 4.5833333 | B157: =D402+($A157-C402)*(D403-D402)/(C403-C402) -> 5.8054974 | C157: =D644+($A157-C644)*(D645-D644)/(C645-C644) -> 4.5650755 | D157: =D887+($A157-C887)*(D888-D887)/(C888-C887) -> 5.1406026 | E157: =D1079+($A157-C1079)*(D1080-D1079)/(C1080-C1079) -> 3.3366667 | F157: =D1092+($A157-C1092)*(D1093-D1092)/(C1093-C1092) -> 3.7966667 | G157: =$B$9+$B$10*EXP(-$B$11*A157) -> 5.6489127 | H157: =$C$9+$C$10*EXP(-$C$11*A157) -> 4.7003928 | I157: =$D$9+$D$10*EXP(-$D$11*A157) -> 5.1407661 | J157: =AVERAGE(B157:D157) -> 5.1703918 | K157: =_xlfn.STDEV.S(B157:D157) -> 0.62074724
A158: 4.6666667 | B158: =D403+($A158-C403)*(D404-D403)/(C404-C403) -> 5.7784471 | C158: =D645+($A158-C645)*(D646-D645)/(C646-C645) -> 4.5326454 | D158: =D888+($A158-C888)*(D889-D888)/(C889-C888) -> 5.1048856 | E158: =D1079+($A158-C1079)*(D1080-D1079)/(C1080-C1079) -> 3.3333333 | F158: =D1092+($A158-C1092)*(D1093-D1092)/(C1093-C1092) -> 3.7833333 | G158: =$B$9+$B$10*EXP(-$B$11*A158) -> 5.6230959 | H158: =$C$9+$C$10*EXP(-$C$11*A158) -> 4.6727078 | I158: =$D$9+$D$10*EXP(-$D$11*A158) -> 5.1161497 | J158: =AVERAGE(B158:D158) -> 5.1386594 | K158: =_xlfn.STDEV.S(B158:D158) -> 0.62358715
A159: 4.75 | B159: =D404+($A159-C404)*(D405-D404)/(C405-C404) -> 5.7377026 | C159: =D646+($A159-C646)*(D647-D646)/(C647-C646) -> 4.4970119 | D159: =D889+($A159-C889)*(D890-D889)/(C890-C889) -> 5.0702283 | E159: =D1079+($A159-C1079)*(D1080-D1079)/(C1080-C1079) -> 3.33 | F159: =D1092+($A159-C1092)*(D1093-D1092)/(C1093-C1092) -> 3.77 | G159: =$B$9+$B$10*EXP(-$B$11*A159) -> 5.5976099 | H159: =$C$9+$C$10*EXP(-$C$11*A159) -> 4.6456363 | I159: =$D$9+$D$10*EXP(-$D$11*A159) -> 5.0919677 | J159: =AVERAGE(B159:D159) -> 5.1016476 | K159: =_xlfn.STDEV.S(B159:D159) -> 0.62094183
A160: 4.8333333 | B160: =D405+($A160-C405)*(D406-D405)/(C406-C405) -> 5.7200908 | C160: =D647+($A160-C647)*(D648-D647)/(C648-C647) -> 4.4644355 | D160: =D890+($A160-C890)*(D891-D890)/(C891-C890) -> 5.0341758 | E160: =D1079+($A160-C1079)*(D1080-D1079)/(C1080-C1079) -> 3.3266667 | F160: =D1092+($A160-C1092)*(D1093-D1092)/(C1093-C1092) -> 3.7566667 | G160: =$B$9+$B$10*EXP(-$B$11*A160) -> 5.5724504 | H160: =$C$9+$C$10*EXP(-$C$11*A160) -> 4.6191648 | I160: =$D$9+$D$10*EXP(-$D$11*A160) -> 5.0682126 | J160: =AVERAGE(B160:D160) -> 5.0729007 | K160: =_xlfn.STDEV.S(B160:D160) -> 0.62872271
A161: 4.9166667 | B161: =D406+($A161-C406)*(D407-D406)/(C407-C406) -> 5.693805 | C161: =D648+($A161-C648)*(D649-D648)/(C649-C648) -> 4.4282271 | D161: =D891+($A161-C891)*(D892-D891)/(C892-C891) -> 4.994175 | E161: =D1079+($A161-C1079)*(D1080-D1079)/(C1080-C1079) -> 3.3233333 | F161: =D1092+($A161-C1092)*(D1093-D1092)/(C1093-C1092) -> 3.7433333 | G161: =$B$9+$B$10*EXP(-$B$11*A161) -> 5.5476134 | H161: =$C$9+$C$10*EXP(-$C$11*A161) -> 4.5932798 | I161: =$D$9+$D$10*EXP(-$D$11*A161) -> 5.0448768 | J161: =AVERAGE(B161:D161) -> 5.0387357 | K161: =_xlfn.STDEV.S(B161:D161) -> 0.63396458
A162: 5 | B162: =D407+($A162-C407)*(D408-D407)/(C408-C407) -> 5.6454541 | C162: =D649+($A162-C649)*(D650-D649)/(C650-C649) -> 4.4068915 | D162: =D892+($A162-C892)*(D893-D892)/(C893-C892) -> 4.9604344 | E162: =D1079+($A162-C1079)*(D1080-D1079)/(C1080-C1079) -> 3.32 | F162: =D1092+($A162-C1092)*(D1093-D1092)/(C1093-C1092) -> 3.73 | G162: =$B$9+$B$10*EXP(-$B$11*A162) -> 5.5230947 | H162: =$C$9+$C$10*EXP(-$C$11*A162) -> 4.5679686 | I162: =$D$9+$D$10*EXP(-$D$11*A162) -> 5.021953 | J162: =AVERAGE(B162:D162) -> 5.00426 | K162: =_xlfn.STDEV.S(B162:D162) -> 0.62044323
A163: 5.0833333 | B163: =D408+($A163-C408)*(D409-D408)/(C409-C408) -> 5.6283227 | C163: =D650+($A163-C650)*(D651-D650)/(C651-C650) -> 4.3735724 | D163: =D893+($A163-C893)*(D894-D893)/(C894-C893) -> 4.9228325 | E163: =D1080+($A163-C1080)*(D1081-D1080)/(C1081-C1080) -> 3.3158333 | F163: =D1093+($A163-C1093)*(D1094-D1093)/(C1094-C1093) -> 3.72 | G163: =$B$9+$B$10*EXP(-$B$11*A163) -> 5.4988901 | H163: =$C$9+$C$10*EXP(-$C$11*A163) -> 4.5432182 | I163: =$D$9+$D$10*EXP(-$D$11*A163) -> 4.9994338 | J163: =AVERAGE(B163:D163) -> 4.9749092 | K163: =_xlfn.STDEV.S(B163:D163) -> 0.62899411
A164: 5.1666667 | B164: =D409+($A164-C409)*(D410-D409)/(C410-C409) -> 5.5896942 | C164: =D651+($A164-C651)*(D652-D651)/(C652-C651) -> 4.34391 | D164: =D894+($A164-C894)*(D895-D894)/(C895-C894) -> 4.8959652 | E164: =D1080+($A164-C1080)*(D1081-D1080)/(C1081-C1080) -> 3.3116667 | F164: =D1093+($A164-C1093)*(D1094-D1093)/(C1094-C1093) -> 3.71 | G164: =$B$9+$B$10*EXP(-$B$11*A164) -> 5.4749957 | H164: =$C$9+$C$10*EXP(-$C$11*A164) -> 4.5190164 | I164: =$D$9+$D$10*EXP(-$D$11*A164) -> 4.9773121 | J164: =AVERAGE(B164:D164) -> 4.9431898 | K164: =_xlfn.STDEV.S(B164:D164) -> 0.62423327
A165: 5.25 | B165: =D410+($A165-C410)*(D411-D410)/(C411-C410) -> 5.5626981 | C165: =D652+($A165-C652)*(D653-D652)/(C653-C652) -> 4.3213766 | D165: =D895+($A165-C895)*(D896-D895)/(C896-C895) -> 4.8615481 | E165: =D1080+($A165-C1080)*(D1081-D1080)/(C1081-C1080) -> 3.3075 | F165: =D1093+($A165-C1093)*(D1094-D1093)/(C1094-C1093) -> 3.7 | G165: =$B$9+$B$10*EXP(-$B$11*A165) -> 5.4514075 | H165: =$C$9+$C$10*EXP(-$C$11*A165) -> 4.4953508 | I165: =$D$9+$D$10*EXP(-$D$11*A165) -> 4.9555809 | J165: =AVERAGE(B165:D165) -> 4.9152076 | K165: =_xlfn.STDEV.S(B165:D165) -> 0.622398
...

Sheet Raw Data
A1: Series | B1: computer_timestamp_utc | C1: elapsed_seconds | D1: elapsed_minutes | E1: sample_number | F1: arduino_millis | G1: raw_adc | H1: raw_sd | I1: voltage | J1: ph | K1: delta_ph | L1: ph_change_from_previous | M1: ph_rate_from_previous_per_min | O1: pH of 2- nitrobenzaldehyde curve in water and ethanol(1).xlsx
A2: DOPC 1 | B2: 46311.612 | C2: 0.281 | D2: 0.0046833333 | E2: 1 | F2: 704538 | G2: 313 | H2: 0.566 | I2: 1.529814 | J2: 7.40645 | K2: 0 | L2: 0 | O2: Reference A-B | R2: Reference D-E
A3: DOPC 1 | B3: 46311.612 | C3: 5.281 | D3: 0.088016667 | E3: 2 | F3: 709537 | G3: 312.36 | H3: 0.4921 | I3: 1.526686 | J3: 7.42491 | K3: 0.01846 | L3: 0.01846 | M3: 0.22152 | O3: Time (min) | P3: pH | R3: Time (min) | S3: pH
A4: DOPC 1 | B4: 46311.612 | C4: 10.265 | D4: 0.17108333 | E4: 3 | F4: 714536 | G4: 312.92 | H4: 0.552 | I4: 1.529423 | J4: 7.40876 | K4: 0.00231 | L4: -0.01615 | M4: -0.19442215 | O4: 0 | P4: 3.9 | R4: 0 | S4: 6.73
A5: DOPC 1 | B5: 46311.612 | C5: 15.281 | D5: 0.25468333 | E5: 4 | F5: 719537 | G5: 313.36 | H5: 0.4921 | I5: 1.531574 | J5: 7.39607 | K5: -0.01038 | L5: -0.01269 | M5: -0.15179426 | O5: 1 | P5: 3.63 | R5: 1 | S5: 6.21
A6: DOPC 1 | B6: 46311.612 | C6: 20.265 | D6: 0.33775 | E6: 5 | F6: 724537 | G6: 314.04 | H6: 0.1768 | I6: 1.534897 | J6: 7.37646 | K6: -0.02999 | L6: -0.01961 | M6: -0.23607544 | O6: 2 | P6: 3.54 | R6: 2 | S6: 5.49
A7: DOPC 1 | B7: 46311.612 | C7: 25.265 | D7: 0.42108333 | E7: 6 | F7: 729537 | G7: 315.28 | H7: 0.4507 | I7: 1.540958 | J7: 7.34069 | K7: -0.06576 | L7: -0.03577 | M7: -0.42924 | O7: 3 | P7: 3.42 | R7: 3 | S7: 4.28
A8: DOPC 1 | B8: 46311.613 | C8: 30.265 | D8: 0.50441667 | E8: 7 | F8: 734537 | G8: 316.12 | H8: 0.5154 | I8: 1.545063 | J8: 7.31647 | K8: -0.08998 | L8: -0.02422 | M8: -0.29064 | O8: 4 | P8: 3.36 | R8: 4 | S8: 3.89
A9: DOPC 1 | B9: 46311.613 | C9: 35.265 | D9: 0.58775 | E9: 8 | F9: 739537 | G9: 316.92 | H9: 0.476 | I9: 1.548974 | J9: 7.2934 | K9: -0.11305 | L9: -0.02307 | M9: -0.27684 | O9: 5 | P9: 3.32 | R9: 5 | S9: 3.73
A10: DOPC 1 | B10: 46311.613 | C10: 40.25 | D10: 0.67083333 | E10: 9 | F10: 744537 | G10: 318.32 | H10: 0.4677 | I10: 1.555816 | J10: 7.25302 | K10: -0.15343 | L10: -0.04038 | M10: -0.48601805 | O10: 6 | P10: 3.27 | R10: 6 | S10: 3.61
A11: DOPC 1 | B11: 46311.613 | C11: 45.265 | D11: 0.75441667 | E11: 10 | F11: 749537 | G11: 319.64 | H11: 0.4677 | I11: 1.562268 | J11: 7.21495 | K11: -0.1915 | L11: -0.03807 | M11: -0.45547358 | O11: 7 | P11: 3.24 | R11: 7 | S11: 3.52
A12: DOPC 1 | B12: 46311.613 | C12: 50.25 | D12: 0.8375 | E12: 11 | F12: 754537 | G12: 320.72 | H12: 0.5303 | I12: 1.567546 | J12: 7.18381 | K12: -0.22264 | L12: -0.03114 | M12: -0.37480441 | O12: 8 | P12: 3.21 | R12: 8 | S12: 3.48
A13: DOPC 1 | B13: 46311.613 | C13: 55.25 | D13: 0.92083333 | E13: 12 | F13: 759537 | G13: 322.28 | H13: 0.4507 | I13: 1.575171 | J13: 7.13881 | K13: -0.26764 | L13: -0.045 | M13: -0.54 | O13: 9 | P13: 3.19 | R13: 9 | S13: 3.36
A14: DOPC 1 | B14: 46311.613 | C14: 60.25 | D14: 1.0041667 | E14: 13 | F14: 764537 | G14: 323.84 | H14: 0.3644 | I14: 1.582796 | J14: 7.09382 | K14: -0.31263 | L14: -0.04499 | M14: -0.53988 | O14: 10 | P14: 3.17 | R14: 10 | S14: 3.31
A15: DOPC 1 | B15: 46311.613 | C15: 65.25 | D15: 1.0875 | E15: 14 | F15: 769537 | G15: 325 | H15: 0.3953 | I15: 1.588465 | J15: 7.06037 | K15: -0.34608 | L15: -0.03345 | M15: -0.4014 | O15: 11 | P15: 3.16 | R15: 11 | S15: 3.28
A16: DOPC 1 | B16: 46311.613 | C16: 70.234 | D16: 1.1705667 | E16: 15 | F16: 774537 | G16: 326.4 | H16: 0.5 | I16: 1.595308 | J16: 7.01999 | K16: -0.38646 | L16: -0.04038 | M16: -0.48611557 | O16: 12 | P16: 3.15 | R16: 12 | S16: 3.25
A17: DOPC 1 | B17: 46311.613 | C17: 75.234 | D17: 1.2539 | E17: 16 | F17: 779537 | G17: 327.84 | H17: 0.6124 | I17: 1.602346 | J17: 6.97846 | K17: -0.42799 | L17: -0.04153 | M17: -0.49836
A18: DOPC 1 | B18: 46311.613 | C18: 80.234 | D18: 1.3372333 | E18: 17 | F18: 784537 | G18: 328.92 | H18: 0.6187 | I18: 1.607625 | J18: 6.94732 | K18: -0.45913 | L18: -0.03114 | M18: -0.37368 | O18: DOPC source metadata
A19: DOPC 1 | B19: 46311.613 | C19: 85.234 | D19: 1.4205667 | E19: 18 | F19: 789537 | G19: 330.64 | H19: 0.5449 | I19: 1.616031 | J19: 6.89771 | K19: -0.50874 | L19: -0.04961 | M19: -0.59532
A20: DOPC 1 | B20: 46311.613 | C20: 90.219 | D20: 1.50365 | E20: 19 | F20: 794536 | G20: 331.44 | H20: 0.4921 | I20: 1.619941 | J20: 6.87464 | K20: -0.53181 | L20: -0.02307 | M20: -0.27767302 | O20: DOPC 1 | P20: 2026-10-16_10-41-34_DOPC_pH_change_1.xlsx
A21: DOPC 1 | B21: 46311.613 | C21: 95.219 | D21: 1.5869833 | E21: 20 | F21: 799537 | G21: 333.04 | H21: 0.5229 | I21: 1.627762 | J21: 6.8285 | K21: -0.57795 | L21: -0.04614 | M21: -0.55368 | O21: Experiment name | P21: DOPC_pH_change
A22: DOPC 1 | B22: 46311.613 | C22: 100.219 | D22: 1.6703167 | E22: 21 | F22: 804537 | G22: 334.44 | H22: 0.4921 | I22: 1.634604 | J22: 6.78812 | K22: -0.61833 | L22: -0.04038 | M22: -0.48456 | O22: Start time | P22: 46311.612
A23: DOPC 1 | B23: 46311.613 | C23: 105.203 | D23: 1.7533833 | E23: 22 | F23: 809537 | G23: 335.24 | H23: 0.433 | I23: 1.638514 | J23: 6.76505 | K23: -0.6414 | L23: -0.02307 | M23: -0.27772873 | O23: End time | P23: 46311.626
A24: DOPC 1 | B24: 46311.613 | C24: 110.219 | D24: 1.8369833 | E24: 23 | F24: 814537 | G24: 336.32 | H24: 0.4593 | I24: 1.643793 | J24: 6.7339 | K24: -0.67255 | L24: -0.03115 | M24: -0.37260766 | O24: Stop reason | P24: stopped by user
A25: DOPC 1 | B25: 46311.614 | C25: 115.203 | D25: 1.92005 | E25: 24 | F25: 819537 | G25: 337.52 | H25: 0.5078 | I25: 1.649658 | J25: 6.69929 | K25: -0.70716 | L25: -0.03461 | M25: -0.41665329 | O25: Operator notes | P25: Add sample conditions, treatment, concentration, temperature, and UV timing here.
A26: DOPC 1 | B26: 46311.614 | C26: 120.203 | D26: 2.0033833 | E26: 25 | F26: 824537 | G26: 338.36 | H26: 0.4921 | I26: 1.653763 | J26: 6.67507 | K26: -0.73138 | L26: -0.02422 | M26: -0.29064 | O26: Serial port | P26: COM3
A27: DOPC 1 | B27: 46311.614 | C27: 125.203 | D27: 2.0867167 | E27: 26 | F27: 829537 | G27: 339.8 | H27: 0.5 | I27: 1.660801 | J27: 6.63354 | K27: -0.77291 | L27: -0.04153 | M27: -0.49836 | O27: Sample interval (s) | P27: 5
A28: DOPC 1 | B28: 46311.614 | C28: 130.203 | D28: 2.17005 | E28: 27 | F28: 834537 | G28: 340.92 | H28: 0.3853 | I28: 1.666276 | J28: 6.60124 | K28: -0.80521 | L28: -0.0323 | M28: -0.3876 | O28: Requested duration (min) | P28: 60
A29: DOPC 1 | B29: 46311.614 | C29: 135.187 | D29: 2.2531167 | E29: 28 | F29: 839537 | G29: 341.84 | H29: 0.4593 | I29: 1.670772 | J29: 6.57471 | K29: -0.83174 | L29: -0.02653 | M29: -0.31938202 | O29: Number of readings | P29: 242
A30: DOPC 1 | B30: 46311.614 | C30: 140.203 | D30: 2.3367167 | E30: 29 | F30: 844537 | G30: 342.68 | H30: 0.4677 | I30: 1.674878 | J30: 6.55048 | K30: -0.85597 | L30: -0.02423 | M30: -0.28983254 | O30: Initial pH | P30: 7.40645
A31: DOPC 1 | B31: 46311.614 | C31: 145.187 | D31: 2.4197833 | E31: 30 | F31: 849537 | G31: 343.6 | H31: 0.4921 | I31: 1.679374 | J31: 6.52395 | K31: -0.8825 | L31: -0.02653 | M31: -0.31938202 | O31: Final pH | P31: 3.89028
A32: DOPC 1 | B32: 46311.614 | C32: 150.187 | D32: 2.5031167 | E32: 31 | F32: 854538 | G32: 344.6 | H32: 0.4841 | I32: 1.684262 | J32: 6.49511 | K32: -0.91134 | L32: -0.02884 | M32: -0.34608 | O32: Net pH change | P32: -3.51617
A33: DOPC 1 | B33: 46311.614 | C33: 155.187 | D33: 2.58645 | E33: 32 | F33: 859537 | G33: 345.2 | H33: 0.4841 | I33: 1.687194 | J33: 6.4778 | K33: -0.92865 | L33: -0.01731 | M33: -0.20772 | O33: Minimum pH | P33: 3.89028
A34: DOPC 1 | B34: 46311.614 | C34: 160.187 | D34: 2.6697833 | E34: 33 | F34: 864537 | G34: 346.6 | H34: 0.4841 | I34: 1.694037 | J34: 6.43743 | K34: -0.96902 | L34: -0.04037 | M34: -0.48444 | O34: Maximum pH | P34: 7.42491
A35: DOPC 1 | B35: 46311.614 | C35: 165.172 | D35: 2.7528667 | E35: 34 | F35: 869538 | G35: 347.4 | H35: 0.4921 | I35: 1.697947 | J35: 6.41436 | K35: -0.99209 | L35: -0.02307 | M35: -0.27767302 | O35: Mean pH | P35: 4.8972222
A36: DOPC 1 | B36: 46311.614 | C36: 170.187 | D36: 2.83645 | E36: 35 | F36: 874536 | G36: 348.08 | H36: 0.566 | I36: 1.701271 | J36: 6.39474 | K36: -1.01171 | L36: -0.01962 | M36: -0.23473579 | O36: pH standard deviation | P36: 1.0656703
A37: DOPC 1 | B37: 46311.614 | C37: 175.172 | D37: 2.9195333 | E37: 36 | F37: 879537 | G37: 349.28 | H37: 0.4507 | I37: 1.707136 | J37: 6.36014 | K37: -1.04631 | L37: -0.0346 | M37: -0.41644935 | O37: Linear pH rate (pH/min) | P37: -0.16848988
A38: DOPC 1 | B38: 46311.614 | C38: 180.172 | D38: 3.0028667 | E38: 37 | F38: 884537 | G38: 350.12 | H38: 0.4419 | I38: 1.711241 | J38: 6.33591 | K38: -1.07054 | L38: -0.02423 | M38: -0.29076 | O38: Calibration slope | P38: -0.02883994
... A41: DOPC 1 | B41: 46311.614 | C41: 195.156 | D41: 3.2526 | E41: 40 | F41: 899537 | G41: 352.88 | H41: 0.4239 | I41: 1.724731 | J41: 6.25631 | K41: -1.15014 | L41: -0.02654 | M41: -0.31950241 | O41: Calibration point count | P41: 3
A42: DOPC 1 | B42: 46311.615 | C42: 200.14 | D42: 3.3356667 | E42: 41 | F42: 904537 | G42: 353.44 | H42: 0.4921 | I42: 1.727468 | J42: 6.24016 | K42: -1.16629 | L42: -0.01615 | M42: -0.19442215
A43: DOPC 1 | B43: 46311.615 | C43: 205.156 | D43: 3.4192667 | E43: 42 | F43: 909537 | G43: 354.8 | H43: 0.5 | I43: 1.734115 | J43: 6.20094 | K43: -1.20551 | L43: -0.03922 | M43: -0.46913876 | O43: DOPC 2 | P43: 2026-10-16_11-06-36_DOPC_pH_change_2.xlsx
A44: DOPC 1 | B44: 46311.615 | C44: 210.14 | D44: 3.5023333 | E44: 43 | F44: 914538 | G44: 355.52 | H44: 0.5078 | I44: 1.737634 | J44: 6.18018 | K44: -1.22627 | L44: -0.02076 | M44: -0.24991974 | O44: Experiment name | P44: DOPC_pH_change
A45: DOPC 1 | B45: 46311.615 | C45: 215.14 | D45: 3.5856667 | E45: 44 | F45: 919538 | G45: 356.28 | H45: 0.5995 | I45: 1.741349 | J45: 6.15826 | K45: -1.24819 | L45: -0.02192 | M45: -0.26304 | O45: Start time | P45: 46311.63
A46: DOPC 1 | B46: 46311.615 | C46: 220.14 | D46: 3.669 | E46: 45 | F46: 924538 | G46: 357.32 | H46: 0.5449 | I46: 1.746432 | J46: 6.12826 | K46: -1.27819 | L46: -0.03 | M46: -0.36 | O46: End time | P46: 46311.644
A47: DOPC 1 | B47: 46311.615 | C47: 225.14 | D47: 3.7523333 | E47: 46 | F47: 929538 | G47: 358.32 | H47: 0.5449 | I47: 1.75132 | J47: 6.09942 | K47: -1.30703 | L47: -0.02884 | M47: -0.34608 | O47: Stop reason | P47: stopped by user
A48: DOPC 1 | B48: 46311.615 | C48: 230.125 | D48: 3.8354167 | E48: 47 | F48: 934538 | G48: 358.92 | H48: 0.375 | I48: 1.754252 | J48: 6.08212 | K48: -1.32433 | L48: -0.0173 | M48: -0.20822467 | O48: Operator notes | P48: Add sample conditions, treatment, concentration, temperature, and UV timing here.
A49: DOPC 1 | B49: 46311.615 | C49: 235.14 | D49: 3.919 | E49: 48 | F49: 939537 | G49: 360.2 | H49: 0.3953 | I49: 1.760508 | J49: 6.0452 | K49: -1.36125 | L49: -0.03692 | M49: -0.44171486 | O49: Serial port | P49: COM3
A50: DOPC 1 | B50: 46311.615 | C50: 240.125 | D50: 4.0020833 | E50: 49 | F50: 944538 | G50: 361.28 | H50: 0.4507 | I50: 1.765787 | J50: 6.01406 | K50: -1.39239 | L50: -0.03114 | M50: -0.37480441 | O50: Sample interval (s) | P50: 5
A51: DOPC 1 | B51: 46311.615 | C51: 245.125 | D51: 4.0854167 | E51: 50 | F51: 949537 | G51: 362.08 | H51: 0.3953 | I51: 1.769697 | J51: 5.99099 | K51: -1.41546 | L51: -0.02307 | M51: -0.27684 | O51: Requested duration (min) | P51: 60
A52: DOPC 1 | B52: 46311.615 | C52: 250.125 | D52: 4.16875 | E52: 51 | F52: 954536 | G52: 363.2 | H52: 0.3953 | I52: 1.775171 | J52: 5.95868 | K52: -1.44777 | L52: -0.03231 | M52: -0.38772 | O52: Number of readings | P52: 243
A53: DOPC 1 | B53: 46311.615 | C53: 255.125 | D53: 4.2520833 | E53: 52 | F53: 959537 | G53: 364.36 | H53: 0.4841 | I53: 1.780841 | J53: 5.92523 | K53: -1.48122 | L53: -0.03345 | M53: -0.4014 | O53: Initial pH | P53: 7.26225
A54: DOPC 1 | B54: 46311.615 | C54: 260.109 | D54: 4.33515 | E54: 53 | F54: 964537 | G54: 365.28 | H54: 0.4507 | I54: 1.785337 | J54: 5.8987 | K54: -1.50775 | L54: -0.02653 | M54: -0.31938202 | O54: Final pH | P54: 3.45538
A55: DOPC 1 | B55: 46311.615 | C55: 265.125 | D55: 4.41875 | E55: 54 | F55: 969537 | G55: 366.16 | H55: 0.5449 | I55: 1.789638 | J55: 5.87332 | K55: -1.53313 | L55: -0.02538 | M55: -0.30358852 | O55: Net pH change | P55: -3.80687
A56: DOPC 1 | B56: 46311.615 | C56: 270.109 | D56: 4.5018167 | E56: 55 | F56: 974537 | G56: 367.64 | H56: 0.4677 | I56: 1.796872 | J56: 5.83063 | K56: -1.57582 | L56: -0.04269 | M56: -0.51392456 | O56: Minimum pH | P56: 3.4473
A57: DOPC 1 | B57: 46311.615 | C57: 275.109 | D57: 4.58515 | E57: 56 | F57: 979537 | G57: 368.48 | H57: 0.5 | I57: 1.800978 | J57: 5.80641 | K57: -1.60004 | L57: -0.02422 | M57: -0.29064 | O57: Maximum pH | P57: 7.27725
A58: DOPC 1 | B58: 46311.615 | C58: 280.109 | D58: 4.6684833 | E58: 57 | F58: 984537 | G58: 369.4 | H58: 0.4841 | I58: 1.805474 | J58: 5.77988 | K58: -1.62657 | L58: -0.02653 | M58: -0.31836 | O58: Mean pH | P58: 4.243921
A59: DOPC 1 | B59: 46311.616 | C59: 285.094 | D59: 4.7515667 | E59: 58 | F59: 989537 | G59: 370.84 | H59: 0.5449 | I59: 1.812512 | J59: 5.73835 | K59: -1.6681 | L59: -0.04153 | M59: -0.49985958 | O59: pH standard deviation | P59: 1.0556045
A60: DOPC 1 | B60: 46311.616 | C60: 290.094 | D60: 4.8349 | E60: 59 | F60: 994537 | G60: 371.44 | H60: 0.5 | I60: 1.815445 | J60: 5.72104 | K60: -1.68541 | L60: -0.01731 | M60: -0.20772 | O60: Linear pH rate (pH/min) | P60: -0.14930985
A61: DOPC 1 | B61: 46311.616 | C61: 295.094 | D61: 4.9182333 | E61: 60 | F61: 999537 | G61: 372.32 | H61: 0.4677 | I61: 1.819746 | J61: 5.69566 | K61: -1.71079 | L61: -0.02538 | M61: -0.30456 | O61: Calibration slope | P61: -0.02883994
... A64: DOPC 1 | B64: 46311.616 | C64: 310.094 | D64: 5.1682333 | E64: 63 | F64: 1014537 | G64: 375.96 | H64: 0.5303 | I64: 1.837537 | J64: 5.59069 | K64: -1.81576 | L64: -0.03922 | M64: -0.46913876 | O64: Calibration point count | P64: 3
A65: DOPC 1 | B65: 46311.616 | C65: 315.078 | D65: 5.2513 | E65: 64 | F65: 1019537 | G65: 376.88 | H65: 0.433 | I65: 1.842033 | J65: 5.56415 | K65: -1.8423 | L65: -0.02654 | M65: -0.31950241
A66: DOPC 1 | B66: 46311.616 | C66: 320.078 | D66: 5.3346333 | E66: 65 | F66: 1024537 | G66: 378.12 | H66: 0.5154 | I66: 1.848094 | J66: 5.52839 | K66: -1.87806 | L66: -0.03576 | M66: -0.42912 | O66: DOPC 3 | P66: 2026-10-16_11-29-29_DOPC_pH_change_3.xlsx
A67: DOPC 1 | B67: 46311.616 | C67: 325.078 | D67: 5.4179667 | E67: 66 | F67: 1029537 | G67: 378.72 | H67: 0.4507 | I67: 1.851026 | J67: 5.51109 | K67: -1.89536 | L67: -0.0173 | M67: -0.2076 | O67: Experiment name | P67: DOPC_pH_change
A68: DOPC 1 | B68: 46311.616 | C68: 330.078 | D68: 5.5013 | E68: 67 | F68: 1034536 | G68: 380.24 | H68: 0.433 | I68: 1.858455 | J68: 5.46725 | K68: -1.9392 | L68: -0.04384 | M68: -0.52608 | O68: Start time | P68: 46311.645
A69: DOPC 1 | B69: 46311.616 | C69: 335.062 | D69: 5.5843667 | E69: 68 | F69: 1039537 | G69: 381.08 | H69: 0.5728 | I69: 1.862561 | J69: 5.44303 | K69: -1.96342 | L69: -0.02422 | M69: -0.29157303 | O69: End time | P69: 46311.659
A70: DOPC 1 | B70: 46311.616 | C70: 340.062 | D70: 5.6677 | E70: 69 | F70: 1044537 | G70: 382.16 | H70: 0.5449 | I70: 1.86784 | J70: 5.41188 | K70: -1.99457 | L70: -0.03115 | M70: -0.3738 | O70: Stop reason | P70: stopped by user
A71: DOPC 1 | B71: 46311.616 | C71: 345.062 | D71: 5.7510333 | E71: 70 | F71: 1049537 | G71: 383.36 | H71: 0.5 | I71: 1.873705 | J71: 5.37727 | K71: -2.02918 | L71: -0.03461 | M71: -0.41532 | O71: Operator notes | P71: Add sample conditions, treatment, concentration, temperature, and UV timing here.
A72: DOPC 1 | B72: 46311.616 | C72: 350.062 | D72: 5.8343667 | E72: 71 | F72: 1054537 | G72: 384.56 | H72: 0.5 | I72: 1.87957 | J72: 5.34266 | K72: -2.06379 | L72: -0.03461 | M72: -0.41532 | O72: Serial port | P72: COM3
A73: DOPC 1 | B73: 46311.616 | C73: 355.047 | D73: 5.91745 | E73: 72 | F73: 1059537 | G73: 385.08 | H73: 0.5 | I73: 1.882111 | J73: 5.32767 | K73: -2.07878 | L73: -0.01499 | M73: -0.18042126 | O73: Sample interval (s) | P73: 5
A74: DOPC 1 | B74: 46311.616 | C74: 360.062 | D74: 6.0010333 | E74: 73 | F74: 1064537 | G74: 386.4 | H74: 0.5 | I74: 1.888563 | J74: 5.2896 | K74: -2.11685 | L74: -0.03807 | M74: -0.45547358 | O74: Requested duration (min) | P74: 60
A75: DOPC 1 | B75: 46311.616 | C75: 365.047 | D75: 6.0841167 | E75: 74 | F75: 1069537 | G75: 387.76 | H75: 0.4146 | I75: 1.89521 | J75: 5.25038 | K75: -2.15607 | L75: -0.03922 | M75: -0.47205617 | O75: Number of readings | P75: 243
A76: DOPC 1 | B76: 46311.616 | C76: 370.047 | D76: 6.16745 | E76: 75 | F76: 1074537 | G76: 388.32 | H76: 0.5449 | I76: 1.897947 | J76: 5.23423 | K76: -2.17222 | L76: -0.01615 | M76: -0.1938 | O76: Initial pH | P76: 7.12843
A77: DOPC 1 | B77: 46311.617 | C77: 375.047 | D77: 6.2507833 | E77: 76 | F77: 1079537 | G77: 389.48 | H77: 0.5728 | I77: 1.903617 | J77: 5.20077 | K77: -2.20568 | L77: -0.03346 | M77: -0.40152 | O77: Final pH | P77: 3.8003
A78: DOPC 1 | B78: 46311.617 | C78: 380.047 | D78: 6.3341167 | E78: 77 | F78: 1084537 | G78: 390.12 | H78: 0.3307 | I78: 1.906745 | J78: 5.18231 | K78: -2.22414 | L78: -0.01846 | M78: -0.22152 | O78: Net pH change | P78: -3.32813
A79: DOPC 1 | B79: 46311.617 | C79: 385.031 | D79: 6.4171833 | E79: 78 | F79: 1089537 | G79: 391.28 | H79: 0.4507 | I79: 1.912414 | J79: 5.14886 | K79: -2.25759 | L79: -0.03345 | M79: -0.4026886 | O79: Minimum pH | P79: 3.78992
A80: DOPC 1 | B80: 46311.617 | C80: 390.031 | D80: 6.5005167 | E80: 79 | F80: 1094537 | G80: 392.28 | H80: 0.4507 | I80: 1.917302 | J80: 5.12002 | K80: -2.28643 | L80: -0.02884 | M80: -0.34608 | O80: Maximum pH | P80: 7.13305
A81: DOPC 1 | B81: 46311.617 | C81: 395.031 | D81: 6.58385 | E81: 80 | F81: 1099537 | G81: 392.8 | H81: 0.4146 | I81: 1.919844 | J81: 5.10502 | K81: -2.30143 | L81: -0.015 | M81: -0.18 | O81: Mean pH | P81: 4.601166
A82: DOPC 1 | B82: 46311.617 | C82: 400.015 | D82: 6.6669167 | E82: 81 | F82: 1104537 | G82: 394.04 | H82: 0.5154 | I82: 1.925904 | J82: 5.06926 | K82: -2.33719 | L82: -0.03576 | M82: -0.43049759 | O82: pH standard deviation | P82: 0.95154514
A83: DOPC 1 | B83: 46311.617 | C83: 405.031 | D83: 6.7505167 | E83: 82 | F83: 1109537 | G83: 395.08 | H83: 0.4841 | I83: 1.930987 | J83: 5.03927 | K83: -2.36718 | L83: -0.02999 | M83: -0.35873206 | O83: Linear pH rate (pH/min) | P83: -0.14187914
A84: DOPC 1 | B84: 46311.617 | C84: 410.015 | D84: 6.8335833 | E84: 83 | F84: 1114536 | G84: 395.6 | H84: 0.5728 | I84: 1.933529 | J84: 5.02427 | K84: -2.38218 | L84: -0.015 | M84: -0.18057785 | O84: Calibration slope | P84: -0.02883994
... A87: DOPC 1 | B87: 46311.617 | C87: 425.015 | D87: 7.0835833 | E87: 86 | F87: 1129537 | G87: 398.16 | H87: 0.3536 | I87: 1.946041 | J87: 4.95044 | K87: -2.45601 | L87: -0.01615 | M87: -0.1938 | O87: Calibration point count | P87: 3
A88: DOPC 1 | B88: 46311.617 | C88: 430 | D88: 7.1666667 | E88: 87 | F88: 1134537 | G88: 399.48 | H88: 0.4841 | I88: 1.952493 | J88: 4.91237 | K88: -2.49408 | L88: -0.03807 | M88: -0.45821464
A89: DOPC 1 | B89: 46311.617 | C89: 435.015 | D89: 7.25025 | E89: 88 | F89: 1139537 | G89: 399.96 | H89: 0.2165 | I89: 1.954839 | J89: 4.89853 | K89: -2.50792 | L89: -0.01384 | M89: -0.16558325 | O89: Timestamp display | P89: UTC; source offset -04:00.
A90: DOPC 1 | B90: 46311.617 | C90: 440 | D90: 7.3333333 | E90: 89 | F90: 1144537 | G90: 400.72 | H90: 0.5995 | I90: 1.958553 | J90: 4.87661 | K90: -2.52984 | L90: -0.02192 | M90: -0.26383149
A91: DOPC 1 | B91: 46311.617 | C91: 445 | D91: 7.4166667 | E91: 90 | F91: 1149537 | G91: 401.8 | H91: 0.5728 | I91: 1.963832 | J91: 4.84546 | K91: -2.56099 | L91: -0.03115 | M91: -0.3738
A92: DOPC 1 | B92: 46311.617 | C92: 450 | D92: 7.5 | E92: 91 | F92: 1154537 | G92: 401.96 | H92: 0.4677 | I92: 1.964614 | J92: 4.84085 | K92: -2.5656 | L92: -0.00461 | M92: -0.05532
A93: DOPC 1 | B93: 46311.617 | C93: 455 | D93: 7.5833333 | E93: 92 | F93: 1159537 | G93: 402.64 | H93: 0.4677 | I93: 1.967937 | J93: 4.82124 | K93: -2.58521 | L93: -0.01961 | M93: -0.23532
A94: DOPC 1 | B94: 46311.618 | C94: 459.984 | D94: 7.6664 | E94: 93 | F94: 1164537 | G94: 403.68 | H94: 0.4841 | I94: 1.97302 | J94: 4.79124 | K94: -2.61521 | L94: -0.03 | M94: -0.3611557
A95: DOPC 1 | B95: 46311.618 | C95: 464.984 | D95: 7.7497333 | E95: 94 | F95: 1169537 | G95: 404.08 | H95: 0.2795 | I95: 1.974975 | J95: 4.77971 | K95: -2.62674 | L95: -0.01153 | M95: -0.13836
A96: DOPC 1 | B96: 46311.618 | C96: 469.984 | D96: 7.8330667 | E96: 95 | F96: 1174537 | G96: 404.92 | H96: 0.375 | I96: 1.979081 | J96: 4.75548 | K96: -2.65097 | L96: -0.02423 | M96: -0.29076
A97: DOPC 1 | B97: 46311.618 | C97: 474.984 | D97: 7.9164 | E97: 96 | F97: 1179537 | G97: 405.68 | H97: 0.559 | I97: 1.982796 | J97: 4.73356 | K97: -2.67289 | L97: -0.02192 | M97: -0.26304
A98: DOPC 1 | B98: 46311.618 | C98: 479.969 | D98: 7.9994833 | E98: 97 | F98: 1184537 | G98: 406.32 | H98: 0.5995 | I98: 1.985924 | J98: 4.71511 | K98: -2.69134 | L98: -0.01845 | M98: -0.2220662
A99: DOPC 1 | B99: 46311.618 | C99: 484.984 | D99: 8.0830667 | E99: 98 | F99: 1189537 | G99: 406.88 | H99: 0.5 | I99: 1.988661 | J99: 4.69896 | K99: -2.70749 | L99: -0.01615 | M99: -0.19322034
A100: DOPC 1 | B100: 46311.618 | C100: 489.969 | D100: 8.16615 | E100: 99 | F100: 1194536 | G100: 407.56 | H100: 0.5 | I100: 1.991984 | J100: 4.67934 | K100: -2.72711 | L100: -0.01962 | M100: -0.23614845
A101: DOPC 1 | B101: 46311.618 | C101: 494.953 | D101: 8.2492167 | E101: 100 | F101: 1199538 | G101: 407.96 | H101: 0.5995 | I101: 1.993939 | J101: 4.66781 | K101: -2.73864 | L101: -0.01153 | M101: -0.13880417
... A243: DOPC 1 | B243: 46311.626 | C243: 1204.515 | D243: 20.07525 | E243: 242 | F243: 1909538 | G243: 434.92 | H243: 0.4677 | I243: 2.125709 | J243: 3.89028 | K243: -3.51617 | L243: -0.00462 | M243: -0.05544
A244: DOPC 2 | B244: 46311.63 | C244: 0.297 | D244: 0.00495 | E244: 1 | F244: 2207785 | G244: 318 | H244: 0.4921 | I244: 1.554252 | J244: 7.26225 | K244: 0 | L244: 0
A245: DOPC 2 | B245: 46311.63 | C245: 5.281 | D245: 0.088016667 | E245: 2 | F245: 2212785 | G245: 317.48 | H245: 0.4921 | I245: 1.551711 | J245: 7.27725 | K245: 0.015 | L245: 0.015 | M245: 0.18057785
A246: DOPC 2 | B246: 46311.63 | C246: 10.281 | D246: 0.17135 | E246: 3 | F246: 2217785 | G246: 318.64 | H246: 0.4677 | I246: 1.55738 | J246: 7.24379 | K246: -0.01846 | L246: -0.03346 | M246: -0.40152
A247: DOPC 2 | B247: 46311.63 | C247: 15.281 | D247: 0.25468333 | E247: 4 | F247: 2222785 | G247: 320.28 | H247: 0.4419 | I247: 1.565396 | J247: 7.19649 | K247: -0.06576 | L247: -0.0473 | M247: -0.5676
...
